{
   "prc": [
      {
         "precision": 0.33388490531347675,
         "recall": 1.0,
         "threshold": 0
      },
      {
         "precision": 1.0,
         "recall": 0.8314977973568282,
         "threshold": 1
      }
   ]
}