{
    "train_score": 94.37396580253723,
    "test_score": 94.37396580253723,
    "Logistic Accuracy": 0.9437396580253723
}