{
    "train_score": 94.37396580253723,
    "test_score": 94.37396580253723,
    "roc_auc": 0.9506142535270865,
    "Logistic Accuracy": 0.9437396580253723
}